username,password
ifhij3le1@example.com,bSFP6mdD5B0c
dtg4qj3s2@example.com,qE7XMrIV12sG
qy3a0h9u3@example.com,l^7bBV8^sWop
zgv4xeie4@example.com,6*!R^xpa5vQ2
sl7yldfz5@example.com,fljE9)a9(Vtg
jsl424rc6@example.com,MUQLwEek^RiF
yynliynu7@example.com,ST*YfLoZ!V(P
oe8cl4mj8@example.com,8#JnX(lNW5U4
sqk0dpmq9@example.com,f(yOz!IyoQn2
t0mb5jts10@example.com,u8Ywz!eX$&An
zad4vsvj11@example.com,vr$f0eDdqcov
i04qyhcy12@example.com,5!J!r@XMq5ev
1gsjhazh13@example.com,vnFTL&SUDl(2
ujamouun14@example.com,bKOhP*iel#HT
5ru980n515@example.com,3F@@U6dlhuC9
ghhqdgob16@example.com,SuIscOaXeQc0
6jm74v8u17@example.com,xUVWp4QpceYp
c2sxpdjn18@example.com,AP9MOfdE9Y@i
d1rfri2619@example.com,^U4Kz5Vee7AS
nnvtcsma20@example.com,DJI)I3ytCBVy
aartr06021@example.com,hsI(UCCNFLQB
d16q4k3k22@example.com,*nd(w#cTWlfO
qmt4qciq23@example.com,p5w&9Eyz7uwX
dymikiga24@example.com,SQTBG8LI(CoX
5hcpjyhz25@example.com,*TrYT8^(G)#0
nmyd8khv26@example.com,BZBFu0qq^#Pu
l7sty1dx27@example.com,lf28Uu2C!UIi
97qqfuz028@example.com,$BxINKrUoeeW
ci9wshyb29@example.com,ab3udwA*cte#
3hs7ynzu30@example.com,DLguLAgwsj2Z
we589vb931@example.com,8YLhtAkP@sl4
vacodoc332@example.com,lzbOGjYYPz#5
vz6zyxhp33@example.com,KxssaLnw3LdU
kgt66a4z34@example.com,BeJZaW*Z#p%N
v7ssjuhk35@example.com,umSMNLG9etWf
ajnmoom336@example.com,paEP2GYD8)bg
u3vz8y1837@example.com,#bR2#*Q%!FnK
nnqtnpve38@example.com,2cDAd48!OCP2
07mvi77839@example.com,IKfGXT1UkM8n
xtz57m8q40@example.com,r7Zg&dGe74sq
7kx0090z41@example.com,!^WuKvRmwIPV
7bcqxb4d42@example.com,bPkBtxMQKz7e
5oh2roya43@example.com,Gcae(%r@Nfw)
22xummb044@example.com,vRhgjzAol7CB
1mh1x7ij45@example.com,PvJCEiJj5E(3
duvu42dj46@example.com,re#T@YC52DhO
g8pnd17o47@example.com,MYaIfeFFL8#z
sbfolt6l48@example.com,#CTu@TTCV(#D
p4uwjmwy49@example.com,H0yDEBEr@b)(
afu2qsef50@example.com,uvJ)tIA#cdTf
585drnik51@example.com,t%l#vImd$m5l
nr67f04n52@example.com,o04wH0&4laBU
fo2ceklc53@example.com,j9Xus*k)1beC
itoz5v6g54@example.com,xa5TV)Z%zVw(
pzckuui355@example.com,6j!k4ubw&!1!
3k2px5b656@example.com,9ZQLsIdM5Kj*
o7yckb9i57@example.com,ocBGL8vm1jxg
8blfz30x58@example.com,ORiQYe)lbmUt
xe411zku59@example.com,dK*8JV5o(1SN
nogvj5qm60@example.com,o1lj6*ruzktP
ep4cn9tn61@example.com,%zZ)E^W0Ng)&
0yi3hzxv62@example.com,0ubJkJGuAj)n
ha3ufvu363@example.com,BtAgn5teN9ig
f3mss84v64@example.com,Scho4h^yzknP
9i7z487f65@example.com,VqO*S#OYtDsc
jb188ffb66@example.com,Qw*hGx#GxsqG
444zfcop67@example.com,)rs3ib6u&%7w
22f0mhs768@example.com,hxq)8hx4*e*5
w3dpr76269@example.com,#l9EYUfU(cge
menvxvmz70@example.com,pIDphi$vBtww
mwn1v6ke71@example.com,ruo4nXzG9x8v
vzmng9vc72@example.com,AfmzjEj%QKsx
cihh6cnl73@example.com,A(Xo2Z&4ayA4
ics2kcnd74@example.com,u5ozifCW$X93
bvvhnlsh75@example.com,3#(T0h$JjKEE
b63nc37x76@example.com,yfGtPKreW4^w
vuvs8zgu77@example.com,U(Ombn7gSbKV
oszwns6z78@example.com,krtdv5^ZKcFD
1r4rcpsu79@example.com,hr*7DjrcmG9O
fushfmfn80@example.com,*Dl79k)&9cMW
0sq1h0mc81@example.com,M#CuczF2G1S2
xnr65jm282@example.com,DTr(0akDkwdb
9vhxihfd83@example.com,flD#D*XLhg(0
4273rep184@example.com,AroXaZup%pvY
pfalaf1p85@example.com,5dMRd&X483bI
ik3p843286@example.com,pr((6M67#$H(
92b33tic87@example.com,0g0xqYCrF#o8
mtjrkk8n88@example.com,uD&EEoQrzOiq
gw1vgjop89@example.com,@!rNMW!UQK04
38ek33ze90@example.com,lUzaU)bdUmlD
z4i3ay4n91@example.com,TLQ1FvdA$(XF
eebywa5792@example.com,nWh*7(*&%$8R
39ax7vwp93@example.com,*(pbTTSWnwK(
0xysulbk94@example.com,n5PQ7n3^a#kD
rpc77nnr95@example.com,QdP)bCngAIjP
bjbu25yp96@example.com,L7X)Q2p!vF6c
onu0whfx97@example.com,f6jRt)PE)6Xx
ii76f2ez98@example.com,^jRUr(9trL#t
at1beoin99@example.com,3BsvUXy6RQF8
81wwtpbv100@example.com,(^LCx)nWpjAz
hbabui1v101@example.com,(U0)CONShD3e
45ikd7py102@example.com,J%lele$lOud9
qsiwk0yc103@example.com,VLuQn0$(9uOa
mtva809t104@example.com,VdSbrhb@i^8p
k3v7pu7h105@example.com,QDeRRgV51f&W
ta3q5cxh106@example.com,whjrj%zyy2bW
l94odxxo107@example.com,e(kb4qJ9C6F(
be7mjpdp108@example.com,uHt!CNGFm69@
rxfz5m0n109@example.com,eJ8FVqp#DVA(
q9p14gn7110@example.com,1INF^6x9c*lQ
hh0407yk111@example.com,cs0yUnmQ97FK
tuo1n573112@example.com,DMLBfIu1Wm@8
kqcrq81a113@example.com,Q96ltdZLC9Xo
shrvyfwa114@example.com,uXkV(7Za03jV
pe9setxp115@example.com,bV@vpiSPT%0@
0r7hrl2r116@example.com,RgWIh$^!l$WA
p85my2vc117@example.com,xgTIn!w(Qo3r
amqjuu8h118@example.com,TcXNTcg3Oxfr
mkd2pb10119@example.com,FLB4cSq6uIk*
n0s4su77120@example.com,4aNR^wwu1At(
3hcmz8ir121@example.com,6@bojd^AI6$C
ocky8ii3122@example.com,SXK2teibF$Sq
2o7uqu6i123@example.com,IhLHF3VNtETt
s86til8r124@example.com,ajb^JwB8&b3y
w5knzqhu125@example.com,eCdX0bQPlmoM
yeixzcif126@example.com,U9kNBqolQozC
xk5p7iiu127@example.com,rfvA^iR2Y!Iy
1ebph3vy128@example.com,ACt4%BRA6Z^c
caos8wx8129@example.com,GX(I@wDTfP7B
t6w8pdeh130@example.com,!Bd#nIRz)bKm
v3jd1i5a131@example.com,V!#s#v*#ljyq
jg0ayejs132@example.com,1VH%&JVfC!h&
213idsq5133@example.com,SbK671)mmg1*
xiq3surw134@example.com,7fb$Tif&D8*%
trwhpzwn135@example.com,)1#Fs@P50a@k
3vs5rrfu136@example.com,!dAA7#cXb(40
3401spb1137@example.com,zaNem*&GL0M8
3ogc83k8138@example.com,QY1)&jtFBbre
0kb28rnh139@example.com,aklE%4j7O!nq
rygye512140@example.com,657HNzVeWX!R
ue7ohbq7141@example.com,HiZLDMTobH1T
7og91qlb142@example.com,a2k*$ci@W)f0
7qk4errf143@example.com,Iik2*6lzW%MT
7rlv6vfv144@example.com,YzBUDJKrtwM%
llrvqvv8145@example.com,YEkcUWdj!vXf
udpv65fs146@example.com,FHhZWL)uSN3I
ggrgoft7147@example.com,aBmwKSNLKXQN
5tbqg4gc148@example.com,39NGL)S9sc9Z
5cl3vemo149@example.com,nv3yQMWEZwwB
v23k5vti150@example.com,MzeW8TTe5nBF
x9nvqmpz151@example.com,YSl)sejKK81K
8ocy94e4152@example.com,s#qs@EBXa*@f
lz11cb36153@example.com,jb2GsOTfc40u
k1g1dcqv154@example.com,c&4ZIvQa5Fqj
9kitmxiz155@example.com,FZPTJzucQM26
lqq88fs1156@example.com,sk$*aLRhhr4O
8a6y1k79157@example.com,N1FkkbKwimyO
2c77v5dl158@example.com,VP8S!(oOqhgR
nj83tgjw159@example.com,QUx4WysBU2U1
q71powop160@example.com,ez#hXX3nw@Rd
fqjq8us9161@example.com,MzoVA00Rn9TY
gibw2ek9162@example.com,ybAmvVDOe$Xk
b2k3e8yb163@example.com,j2^ZUj#au*5W
5uembm2m164@example.com,3(!^TQO&$s0Q
f9s2evza165@example.com,tcPAziVUXFDR
gflnnyhd166@example.com,R@ENM&KThsl%
qdvm69p0167@example.com,kQCRyZFyPWy&
8erbdxwg168@example.com,2h*zzdpQDAa1
pacdtjbl169@example.com,oVXJ3Q9(d9Yc
8xfdn27o170@example.com,8S@%GAlNIj^(
too67ulh171@example.com,5!zGUx@arxQR
k6dakddq172@example.com,yM1utI$$Dhz7
9rvgm2l7173@example.com,FF^xtiCrMbAs
6kficptk174@example.com,ELkjT#D0Qx69
755f75p2175@example.com,rL8p!&MFr6Wo
0o62bt95176@example.com,2By7iksuJpok
ewm4gglo177@example.com,gfxIO^zzxDaX
oy45wczc178@example.com,xWpw5DgDY1Xk
peh7ix95179@example.com,^kNN(ByL19kL
ffwrvq5v180@example.com,MWOV*Dxo*bOu
qvflnz31181@example.com,4fWYIOzNh0Au
o608s5zu182@example.com,FI8TQRJ#8YZb
f6z02j97183@example.com,QsxwTrEGYCtw
4043lmrk184@example.com,rekfdVES*o7z
ksq802uj185@example.com,ySB@N3f#jY(E
4k9kmt0a186@example.com,aRktr)e&wV$p
i17n991a187@example.com,r50vAdfYSW0n
9cwzcgj0188@example.com,6cwhymET%0Bd
ewz9y2q3189@example.com,Mzw9zfFjNbiM
y5ufsoqa190@example.com,kGwbORxa%HX%
koros12j191@example.com,cu2s7eWaN7qT
w1qy30c3192@example.com,!k^9^)#8MrXC
4mpgytvd193@example.com,Ydm(s^LS0BVn
bmfgjunk194@example.com,VumDbXLrbWic
t3nzs3mk195@example.com,isRw&kZd4YJg
f10lmbpj196@example.com,puS9*EPdCfJ3
9wnhhq3m197@example.com,Es67#KX63Ahg
70ala9er198@example.com,2$bHuLJk*Fu7
hh0pz6qm199@example.com,G1GFHIafs$OU
ypst25rk200@example.com,#56l6$gZq%pj
ngmtdxh2201@example.com,!E)mhfHQkYu3
kv05jzr1202@example.com,9u*XWHv&vVoY
wmanlnf0203@example.com,gvFUfvQb)b85
osxr873p204@example.com,eFDPnx7^&ENp
v7ro1zrx205@example.com,D9VMhLFEP1&9
2bi052r4206@example.com,bZDDc6vbl9C6
tjaj9ef6207@example.com,w9!sa#&Q3IaQ
0167atg6208@example.com,M*YV9dWE8Z&h
ur5g4q48209@example.com,NBeIj^W9APUY
esf7j4i7210@example.com,Nt%t(sZaPZRA
l09dcz13211@example.com,SZYdTxcjTA1p
xbejec9b212@example.com,tqF2sKs)A&uW
cyn14hh5213@example.com,&i%tQGq#PzjY
ywk96vc4214@example.com,(hbtIdR0gLDM
k2hbkejl215@example.com,VJc@3ZV2tscP
ci4aui1n216@example.com,5pzmcyD$j9mT
5ojn387e217@example.com,kqqmWBku0IB1
ht1p1utm218@example.com,3KuizEaPE%ST
yb2hn4ve219@example.com,*i!KihluyEyx
77xtnnyf220@example.com,#6FRZva*NcYK
h0ux445g221@example.com,RRv(UrD!TV)T
lw44ygjm222@example.com,i9i(XZyzv9Xf
zuaf1kjt223@example.com,d8aw!Rxeu!%C
1kmfuqfw224@example.com,5MVl0zyD5Yya
rs5bbj6q225@example.com,M@t$x@1AbQMh
0qx5e8ir226@example.com,%oV8Cnuvogub
k4nvib96227@example.com,b2FVFvVXjSbD
yc3qs7or228@example.com,lRplW!ZD2Fb$
g4gitcuz229@example.com,dHYp4p)RGtVp
7m4vtvzk230@example.com,*Z7R4l@mSYRd
i8jmg0m9231@example.com,0DaT)Mh6WnI5
oip3tkde232@example.com,(rSRzT2qMalt
e6zfukt9233@example.com,mte8Dqdq!JuD
bcnu1ndk234@example.com,^FBW9GxvX6yu
bo3pqbgd235@example.com,ilxTvZWIF)*o
9ludbto5236@example.com,8$b(#QAZ#j*V
74jriyo4237@example.com,sB1Q)GFzXDov
6vz0gjwd238@example.com,z5RG3I%ltliM
56sdziw0239@example.com,Ho^qRc3a*xvQ
8zqj8vlw240@example.com,05E&ZfDOr5Wa
keglkpsa241@example.com,3Xtrs$MksG(z
gqb59nje242@example.com,)k6k2&l5!a6B
mh3hhin7243@example.com,fj%SIdnr*TAf
xh74xxbq244@example.com,T@4wdkMAeR&7
naw2eue1245@example.com,CdgcRiF(fs(u
v71wyuz4246@example.com,#jhn$guVKIEl
0nq23hvm247@example.com,#bNpNAIA1exR
xdblxwx1248@example.com,fg%eIRJ*K&iy
m30fbd48249@example.com,M6u8xxT(nbWM
e2p6vcf5250@example.com,vq(rpmb#C&Pw
g8i4smhg251@example.com,^6XeYQy56YCF
wp52lulp252@example.com,Eh7XB^pX*A!%
mwj64koz253@example.com,1yLJSNad%MaI
t9v1hjnc254@example.com,i3#qLqZtO)Qq
wojghsc4255@example.com,UMo^G#@hlUbF
7dwe5u2i256@example.com,AZ(mK3qAyCHE
lc8exrlz257@example.com,^3D0B42j&u(S
plh8pwyf258@example.com,t4mp5kuDEdt3
j511qhmi259@example.com,UVrlgTJw83WT
pso0u8l8260@example.com,vaM4b)wCPb9c
x9qc9u6y261@example.com,2(f$5l0J)XR0
xi49mrti262@example.com,Y!6o8GleSLez
6ndiir5z263@example.com,9Uoq4gGn@o#b
b0z4dcuq264@example.com,ibv@&7HxQv^8
177n4cs8265@example.com,qBKbTX@&ANow
06cbnwbe266@example.com,W(8Nzg4)Eu07
233vq70x267@example.com,s7Ih4L1D2T9J
iky0imqt268@example.com,fbGuE^gt#ou4
q5vm3y3e269@example.com,$)Wlz^zyecKZ
75p27bil270@example.com,Kasb8pD&18WO
q27qgyd0271@example.com,o4I10hRo@btQ
8bajieqo272@example.com,iewuv2kjR!rx
em2svzy8273@example.com,cZOW^G$VVlzm
ice6g8fa274@example.com,HhkjCmAWiK3&
yqvu7p0p275@example.com,(jOjj(*NMXat
eujaazkg276@example.com,*6UPp@Q%FhJx
z8lyobof277@example.com,LZYhdmiez$!h
q6i74j7s278@example.com,)hKsOu2!mLjO
86h3d46s279@example.com,3Y0Af8S7gOzo
nhbraxd3280@example.com,9esyIR23BdQz
3ri0bjwd281@example.com,I3eWA20w1oGq
g52xweuu282@example.com,p^7!83z2kRo3
ej6rqf0h283@example.com,m@9QHbUWKUDe
yb5e7j63284@example.com,7f)KO0mo8)PY
5ajnqlpm285@example.com,7djLxAxoO$jr
pixpda1j286@example.com,aI&Ym0kPe4dO
sfv35a1b287@example.com,b2C!BQvVDHBJ
jb7mmv9e288@example.com,3law5vW2ScXK
sj6uejp9289@example.com,(ECOShj7l@lF
qnqssyjz290@example.com,#(mB3%FuiQUQ
8nd3s14y291@example.com,iL%g511UG5Md
dbdspill292@example.com,C4MyDz0eND!0
eo0ti7z9293@example.com,SeFY^aJs0@23
nolk2v47294@example.com,H&3viH5z!U4n
q88u5t7o295@example.com,Y*Rj$0@gNkJl
ivun3hgo296@example.com,TtAr@Dt7udPo
3s3rx04g297@example.com,K#%g6WSyZ1F5
qlukukr7298@example.com,V6hMbeLnCJF7
ahpvjdms299@example.com,YSFMHf5qwdL2
zb6qeak3300@example.com,kyQntU%k5LD@
rmkfmmte301@example.com,t6SjQzJxaB8A
mvmpacrn302@example.com,aoVExhWWo$XQ
vp2yo3nh303@example.com,(cuKKIVcdJ2G
zdel334p304@example.com,Ui1sRnQp#XaA
grxjhfrj305@example.com,TL(uoR&ng#f%
8hmv3386306@example.com,ZFTdR*!5p5Ai
00uso2qo307@example.com,5Rt1AkKXd&8i
winqzscs308@example.com,H*vl2Aeupb@O
4swhh0l5309@example.com,AGIpkUmPhzHY
hyug2n2j310@example.com,%)7zus^!J@rQ
kwnt23ji311@example.com,srHfH*1a3X^X
metkt1gd312@example.com,B)S#$0FnsoCX
fyxbfxw5313@example.com,$zwms@qWP0Rk
wkwuvg57314@example.com,u^G$J&e84i2i
wl2s7yph315@example.com,QHIQErJ56&4x
cfzgwheq316@example.com,N^4uwo@LbCpb
8cwkdvy9317@example.com,xVC0uJc2#in8
xc2zurx6318@example.com,xOWImhwGxamJ
in69ap5s319@example.com,qa*^BGvJrqTU
6rb5dwbb320@example.com,!GUJ07)p$oBl
wtud7xk7321@example.com,MS^S2J5$vUMO
mxcva1mq322@example.com,&Pn5mv!SoIkh
wr49pesu323@example.com,ucz(i$bzIW7c
hbfzwb1k324@example.com,M5zyIkWRE3o6
a22dddnv325@example.com,7ZcrukfdPj$K
jhqvpk9a326@example.com,NHqjN5AUFIH$
db1iv06e327@example.com,^hp$MZTIVeJc
ui0m64lu328@example.com,qGUQ1j*9VXTs
to01xa7s329@example.com,mUogj!6FQY&b
qt7unop8330@example.com,v&&E58nX$FUd
v8pafbs3331@example.com,upEAX4VYL@rf
zm20qy7f332@example.com,uTQq5vAtZrMy
ljpllyqy333@example.com,4tCxEoh#8*&Z
yxbuld6r334@example.com,jsids(%r*@vr
f4ggr8ss335@example.com,X29XsOsRZPLp
5z1z9s2p336@example.com,w%!drtpfPdfT
rtc9okdn337@example.com,$hh16^ytqE*w
intmz1av338@example.com,8Nvz^%#Frloa
t67rfem5339@example.com,W%%d8a#kwCg1
b2imk4si340@example.com,%IQj5NwaQJuR
y943frti341@example.com,)CzFf#axvzDa
gx4kmg4p342@example.com,MeqyrnBWBIft
vrmrh9eq343@example.com,STPmrQv*XcHC
wjptfi9x344@example.com,W6b3y0h2(qqZ
jdniy4n4345@example.com,j*W!IqNZsh@u
w98d4bk4346@example.com,t%EgrTYbiDx8
0tarynoa347@example.com,#UZ3aSKTyhpZ
r73kosc3348@example.com,HNL1tGEEu(n@
seq5aike349@example.com,jIB1xc%tBStE
fod9ag74350@example.com,IeFlk6ouU%iy
krt4vws8351@example.com,KZv*h4yn3C#8
vjdajeyx352@example.com,dixRWApZW$Ay
3ujggbgo353@example.com,EJ0MbfzII^xN
fqpp8hhq354@example.com,4zIEixJMXA8z
zwq8jw8r355@example.com,WpKeJw$gZ9zY
xhmrta6a356@example.com,A1YbNhlV!HbP
cfbie7jr357@example.com,hziD*y7n0iVB
rr471ecf358@example.com,d2q@F(2gY*Hh
nb54rqtm359@example.com,pf1EbK2)FqBc
rl36934f360@example.com,l2TdxCoq9!%M
ed93wyjj361@example.com,XTNIr*@vdbX5
qtp5o3c6362@example.com,#LvF5q#%d1wV
ol51kuma363@example.com,(6Xll$5q^JJg
0rh53fvk364@example.com,9tSPtBNL@xrZ
zfqf9we2365@example.com,&HV!nRLzo&ko
jrz7mgcl366@example.com,VTo(n0Q48k0N
p6vqzttm367@example.com,Kej@!kAevc8Z
uepihl4v368@example.com,HE!T!O0lk000
k29wd5y5369@example.com,Ag5xc^m*ySVZ
9n5sf3qm370@example.com,O%BkxVmY$8Mq
r8vbk23c371@example.com,VcmW2W0JC%se
25ucgyf1372@example.com,)N0*Tz0per#R
294s9vey373@example.com,5bwx1VTnlQOJ
759rfj61374@example.com,1#Dhm8R1e9!w
bb7yqt8o375@example.com,B1ij2L2k6QOL
lcr27kzk376@example.com,%UzsnC@olPNT
ca3ekh0l377@example.com,BbAF0sXTAG(b
zp42qta0378@example.com,#foscjsg6yan
hoxle8ur379@example.com,8lu%PO%m)m6D
ahye0mmh380@example.com,JhDvKcx7Q7#c
peh8e2ad381@example.com,Wm%C5I6$B8Sy
pdz6wbim382@example.com,r%zyn##EyDpt
qhm1suzj383@example.com,hMBH1ZP1Y1PY
iyk6y0zk384@example.com,9W(z^mh)DgM2
pyk9ked8385@example.com,vdT17H7cV$%L
tx4oviy9386@example.com,UUqZQO!2aGvK
kb9ocwmb387@example.com,Kpj24W03qqD0
f6ozz9k6388@example.com,tf%j2CVlh9Pm
qv3aa678389@example.com,hKvWwW^ti1o$
tfrxwszb390@example.com,N0BqkLWULj(B
944s77ef391@example.com,jKlbatRDC8mz
49u5eh8e392@example.com,hErckVIWn@Qa
zqd5f04m393@example.com,hpJ71YWd@@GS
ogrs9wa3394@example.com,xGJKy1pYMzz@
4cuuh8s7395@example.com,d)2Uj$LEam3t
i28ewpe3396@example.com,6ChsnVJO(d#B
wqu5y4kx397@example.com,Vaoew)f)Ef^7
0e0g3s6h398@example.com,62ePeAP52g*s
jnle9s35399@example.com,q09%U$s2N*A&
8eb14fcj400@example.com,L#Bw*hsOg6DU
369lcdh4401@example.com,XHsZW5pSybaq
z2pke8vq402@example.com,1*z8uGBJ!hR@
rzs4adc5403@example.com,x4sYD6CH^sHX
u6u1q8hw404@example.com,895*gVk08ieS
0ileq0e6405@example.com,RNh#lB2P!cbK
i4l877qb406@example.com,16XZs@Wu(87z
5jxfb113407@example.com,t3vJa*LM8)@q
df34xzid408@example.com,O5glAvB$2I1d
y0m2y21u409@example.com,mJDQmYNyJE3o
md3k9woq410@example.com,JsXm(wxs)dUE
5q6kjhi9411@example.com,uqsFry4q$aU(
nqa0otft412@example.com,i9KywvdUzXQw
p2d6wo66413@example.com,0SFvrT$#H@bw
2bkk9dlh414@example.com,*bjiJ)4nwOUJ
be7z60fv415@example.com,pE@F(Q&ZeQVC
sjs0j14k416@example.com,kAMiUuMDGm%D
z45bwofu417@example.com,s9dlkqcIe1hy
h52aur32418@example.com,DHljveveJBi2
79urqg4h419@example.com,o15d09(AKsgS
utvdahuo420@example.com,Ed9jlpjJ@j2x
w5zuu16z421@example.com,#vw*Kvy)le*u
fmtgvygc422@example.com,K2c0QcbRZF*O
2tnbtqzq423@example.com,iin0K0V0HYhr
na5b5pqv424@example.com,M%79tCaeT2^a
opdc35pl425@example.com,Z8c$fN^VErxC
fd8zlcw1426@example.com,l#0Kse@PQc2B
iulepyx8427@example.com,$5JNiQ*7g(r7
vwmlwogu428@example.com,YOJgOEPVMy(U
drpead1n429@example.com,huKVBwH$z#Ox
3xds56kq430@example.com,%yWFlZqFZ0xN
ywttte6k431@example.com,sx5Z8FCiBP^%
4l7nne26432@example.com,KAF^)rsWK1#A
r4428ucl433@example.com,U$CGQpl8l2Tt
t6itfe24434@example.com,zUOdg5@!NLdT
vmyorwx5435@example.com,0Pezjc7uuq5b
mysyjlt2436@example.com,Epf(ygTggbLC
b52dhhd0437@example.com,iAvMWTo6mjuG
9tfrwcci438@example.com,jmGk&M#FqSiE
quj3o4if439@example.com,Fz*^9R*u6cAB
zig3o740440@example.com,QT4&FDpE4GF4
7lofcd4u441@example.com,Uwhn%YyhZAOM
rc6g7ood442@example.com,S9!#CDFebNF*
do1nolpc443@example.com,6#5zW)I6$oZA
8a6izszk444@example.com,vFC1!K)MD5)9
z356eapp445@example.com,)nWY7kb4D4xT
moidubug446@example.com,(G)H5pQM9NJ1
g1wwb3sk447@example.com,9OPCZ*ZAi5^M
rcwgidn7448@example.com,SG059JzJQS61
wjh3rbe9449@example.com,O%09)0^Mc2PJ
ua639gt4450@example.com,YVvFp)svUZS4
ogs4ymdd451@example.com,@m%rkdei@JD9
d7xxo5oc452@example.com,8NuOVS7e4xfS
r18ip4h7453@example.com,!WU^ihvdvdN(
1ozrzhfv454@example.com,zIfyfnI4Z01g
0edjqpqk455@example.com,K1e0yhXp^fGU
pktdgyf7456@example.com,CP#HWabbtdAU
el4cpxkp457@example.com,Bf03%Qd8eGOc
yv0ubeos458@example.com,V#CgvZiwfqcb
v053v9lu459@example.com,$5%s!UPR5dH^
hs80rbo6460@example.com,Z(wUjsfewFDV
r91fq8li461@example.com,J4Uj(^%sMSbC
kx2ky59o462@example.com,hQE4r9Joh(I4
waktgoup463@example.com,R9zByZVh(*q2
3qn8y0u0464@example.com,txyVq7f)HrB%
t76am36d465@example.com,jOrOhLXsjrX@
19545qro466@example.com,I$LMSbkTLXlQ
nz6z4j6e467@example.com,N#kC(mOd*hHo
lumd27wu468@example.com,#@tC5ulxU03D
8br2mnep469@example.com,5(4rQ^tsGsgn
6fvzi6kx470@example.com,bXZWWd3LllQW
789frnoe471@example.com,CfNv1BS#VGh0
kpcpzhzt472@example.com,KIcwrn^3UP^n
bx91w2tz473@example.com,Zw1@mrp1wNW3
c1rw3u62474@example.com,jTJ6U!!u*wjr
oeimec3n475@example.com,gwR%%%f%jkj3
xwhv6czw476@example.com,fGQzXb8tD7Xh
30fz7wo7477@example.com,x(@h!AZqQkpW
f1h5rp6t478@example.com,Qhtmh!Sok3JT
dfbjne23479@example.com,zOmrT3tLxh^&
vopwikxs480@example.com,g!3I(yMTFSy#
eepag8iu481@example.com,hf&EkedDIzgc
smwddokf482@example.com,@az)5ChzKX)$
ewln1d81483@example.com,T8M*1qq(8AC5
rmb2xrof484@example.com,qwwN4X)tYiqZ
mk63shpo485@example.com,YrNdPPLM@iar
82gzu2xa486@example.com,nPYnoK*B2wkF
08c3yhnx487@example.com,HtQA%$()Mpkb
ow0k0nbf488@example.com,T0CtbD9)cOOM
kmz3m06v489@example.com,CaU!66xX80hC
lzgu4xvb490@example.com,)%&fwdFG#sdg
0mp7es3j491@example.com,CFWSq4MVkGyJ
9sgrtdhb492@example.com,aRb4sO4JO(Xx
gc8cietg493@example.com,i^u*u7MOe%dJ
n13dcdsf494@example.com,e5M(8T&hg5hS
lbxtp208495@example.com,C*(GksaiX5^k
l8cb32ah496@example.com,Xy2!Q1ZT4gA%
ufk4jssk497@example.com,!1(ghya%PhRA
dvhu4zpp498@example.com,zYOhiy5C68n*
c85mv8kq499@example.com,NlG4byrCgyUe
0r9rwnyc500@example.com,lP@(yRhWsDmV
s0gbb8yw501@example.com,GvH@AC0J(BcQ
2ozryg9o502@example.com,yewo2SuWTu*L
zfna9ddb503@example.com,adX^9Hix$pZ4
593ist94504@example.com,HSvQJ$i1!R&S
cyhmz8rj505@example.com,!3C4DB93Klu*
ou6g7jtj506@example.com,DQ#cBA)c)*&l
vsdaqrib507@example.com,tfJ7qtGDrJ8X
fvrstqtt508@example.com,FRBRB2#Lx0XC
7itqhju2509@example.com,B96RuFy6e8h2
xl1k9zsy510@example.com,JZ#NYniXyk#4
kplvqq8q511@example.com,*ZNRsjO6mV0i
ket9q3hh512@example.com,!93C(J3@J8$n
iq2dtn9t513@example.com,P^BO7$FBHfa0
p1pqtdkb514@example.com,k)9voTmLSLL8
tecb3pv7515@example.com,KKRd)BcM^C%H
vx59mz7d516@example.com,!gGk9i1A%Ja^
0xzikl51517@example.com,jAa)eBr*3Mkc
5ri87vcl518@example.com,4IB@oDlXZDgI
gsmirg86519@example.com,qmPSq106meyr
1sje8045520@example.com,3X)F61k53uN!
t5qf1xkc521@example.com,yV9w&ocvFRyv
7t353brz522@example.com,GKqCpaD)P0Wk
vs2wx9m2523@example.com,chq9#K^*x^gK
rbokkjm0524@example.com,AcmKrZD)ms4x
f098dlrs525@example.com,7yroG43SF3q@
kgg8isxp526@example.com,@kTUqAvLus%G
br7yk972527@example.com,VBu0t%zf%hei
26q8uuvd528@example.com,tJUVUYAXI@V$
jdgyr4xo529@example.com,Zsx%5ydAphKH
zdzs9q94530@example.com,sg$c5*i2&*%V
ofpc4ifu531@example.com,279@qWkbmE1^
038jjk9e532@example.com,!CsBK49xA)ui
n9elmpra533@example.com,Q#ikhzazWbDD
7fu6p44i534@example.com,435R%)^$U@cn
f4qvztsh535@example.com,yDz8GiddDmvL
uxojpt6b536@example.com,386FEyF@DIV8
rgrnov84537@example.com,nSi$dUkL&OD$
4q4umlgw538@example.com,9))SD@aQ2xpW
4jb8yw6t539@example.com,GJ%gLhSzbcDX
9zv3z3h5540@example.com,fXcRCk!&CDhq
eio1rmdn541@example.com,y*30%(TuUUI4
ruol9c2d542@example.com,r80jk)tbBKjA
471gtcij543@example.com,RxJ!8#yEuEUl
2fo3ttcn544@example.com,^QTDFJk9E#Q3
vrv8gqhh545@example.com,CTiYuPWWJOl&
7y218ldo546@example.com,vKPFLW#VLaPb
p13y25ym547@example.com,g0KYJsWrt$qs
ahycyhdo548@example.com,(AL6NmgNAbB$
fiz82fn7549@example.com,hJhRb(kB!2Yh
sxjyllmq550@example.com,3EQL21zOcg(w
xut9r6im551@example.com,j7IAHf&wqsaM
667oeasm552@example.com,iBqkNgb^7h)s
cg2r0d22553@example.com,q9dscf8o$cOM
7b7evld9554@example.com,$d0Rdnc(LIxq
wrhmzh03555@example.com,Qv$H4PplDVX*
botrho1x556@example.com,4TmsCnjSnECR
0iomhgiq557@example.com,0kAWy!W@MJtQ
rjnno8jd558@example.com,$sw!j(^OX(wp
uhtldcke559@example.com,A8r%t%VD6PYl
nzovkols560@example.com,TRgpA7$BN@3G
zh9dwzb5561@example.com,8K3^i1GFLmt3
hldo420j562@example.com,(SXqSk7j7L0M
vi21ho7d563@example.com,vam%JTt!aeTB
x76dfla7564@example.com,joypugc1d0x0
2p5jegm8565@example.com,p4(sXOLnJ@qG
6u173m2g566@example.com,DH@)NuFpfoVI
3p3bsa42567@example.com,umwQjNLHEb7o
9lc80e5y568@example.com,6)8BiqQ4(Ijw
ewvvgs5p569@example.com,B9!uCa$SK9kk
w2nci1wy570@example.com,Eib1ZqSIt#OE
u7mqmqx8571@example.com,XoKEfQ2pMSp&
ekra0hwr572@example.com,%6r!@)@2wnYw
kliwsh44573@example.com,5dIAG5mLV^5g
2ia4z3ih574@example.com,5uaYA11j358j
j1s547cx575@example.com,^yiYmx9RBMYL
u2lf23im576@example.com,E9M^q&ECYBlE
l3wajl81577@example.com,ENU210DT0g29
evx9f8wi578@example.com,L*h5)OT97N00
899xwty4579@example.com,bR8CavfIiI6T
hnbrkt5o580@example.com,^Ay$n5^imcdI
b2s9dmpx581@example.com,F!T$oxTeZ(cs
rb2n3gp4582@example.com,tT&q^hgNwM69
e2d9pse3583@example.com,*s)c^S%eXlDE
f3fbcs7y584@example.com,k^2))@1I&i!f
59mjxnf5585@example.com,jWrn6m)$%@Dn
j9wmza77586@example.com,#*ysYO1WKV!N
cf85so8f587@example.com,Z*ET4UX9Wu*&
809he5vf588@example.com,icb9L9X48)Tj
9a5hrbrl589@example.com,J(tTy^@q$)yy
w66hcheb590@example.com,FYMAwX*k$7$3
ji71bhmx591@example.com,h5DmAlbBYN%o
8weh7ocq592@example.com,u!gZUrJD2jhh
jok4kote593@example.com,AQkgYPFCC0VY
7n2ip2y4594@example.com,H!v(879Tn!zf
2af84q5h595@example.com,Q@nvl0B97NIQ
unvndlrh596@example.com,AyGRS^luTohc
bq3its9s597@example.com,JU#k(UOt7P6Z
os1kpo67598@example.com,4xq2@C18fS&*
ch7wrf9l599@example.com,oAevZb1s7hLA
r3mox9j9600@example.com,XV6OOm7wf)Ro
ltnqwyff601@example.com,UxNUhdG@kRdC
h8b9wr03602@example.com,V(M)Ghof0x&T
ieth2at6603@example.com,%OThKUIN5hxp
7j2vgpko604@example.com,5N16LHGng@Ij
424fwwht605@example.com,U*(9MpZlb@A0
18le7a2z606@example.com,Ekq^6lB3JSC^
ijijlx88607@example.com,XB@w8dcTrKmg
d15cn1w6608@example.com,gFrsxIvthVFv
j49c1dhg609@example.com,(JCinIT5Yesk
mvk9u501610@example.com,WHyO#!TEWGqy
9x7210rq611@example.com,f$YWmuhGd)PO
g6u7f6o0612@example.com,@J8y$B%MiBHS
0kxizeu3613@example.com,YSh01Q#Y)s^h
y2fllvly614@example.com,ky5IY^*UfD2)
95z64gql615@example.com,&o2EU$29WR*%
iem91vuk616@example.com,vmODeEr3E^5d
p4e9xd5p617@example.com,2uItXEhE$SOw
5hv5civ6618@example.com,B0NwL6TSoJ9b
hf78sf7l619@example.com,uv)fz@5&VgFH
x6w701u3620@example.com,3%eXLY!83v0m
130f1yay621@example.com,wxKHJ655U2K)
96ssqydb622@example.com,lESTN*h%@FQO
cyj5jvco623@example.com,s$EMDI*oA5Db
9utzxhth624@example.com,w5K%P7A0NGzA
3vmk2nd2625@example.com,enp$W^dET0j*
byhqai66626@example.com,YeyIs&T6qqGU
0owqzlkh627@example.com,@D1#uU5URsuf
a9eylfd2628@example.com,Mq#$Cond3ng*
t6y4l2rc629@example.com,J*b4#VID4u!z
u66mtdgp630@example.com,%GWOdBo7MGo8
bhjt4wh8631@example.com,NYWbq!%)BTAg
mst8bl3r632@example.com,wb7(v8LoLtAK
4halqcch633@example.com,EEryHnPuYqyU
4tcnetjs634@example.com,ENOYYKCjqz!s
apqbpt96635@example.com,%svumYF!ERpi
fxdgdnza636@example.com,R%CuU4d@fZoW
1wwdkgs3637@example.com,H%iU%PK(bWQj
uljdp6hy638@example.com,#WivIm1eyL4C
nq9k1six639@example.com,fQ7Bn*rjdJZ@
7m55dk2j640@example.com,BLMZeU*ecHOp
rk7xxnlq641@example.com,F41M)#2te(wr
73gt5lta642@example.com,q81e&c6VdjAZ
jff5c687643@example.com,65%%(3RC##E1
yn71cdjj644@example.com,A6yDHHtUD3lV
a89l9xzo645@example.com,HST99z2wj$#F
dplpl9is646@example.com,Bb*7IwXf95Iu
28hyqjx4647@example.com,5U#^q%c$A35h
evz2h5av648@example.com,vWa#5XvDa#%C
voya261q649@example.com,9xrY&jiHv3Ed
0ay48rgr650@example.com,G9G9f!xmC2rI
fqcanyrk651@example.com,)PvRVwEaZACQ
711t3ned652@example.com,8IoP)%B%%v3^
ihq6a5wb653@example.com,8xch^tnrQK%O
d29fm0q1654@example.com,KqwMKLH%&PC8
x6ppwjl0655@example.com,Vc8KfeWo4pf9
5q20y3v0656@example.com,#6*7Bu6*d4^W
tt0hv45l657@example.com,TIyaaY1KPn6Q
ytdo7qu3658@example.com,fOacRB(zSUaS
93qpmyx4659@example.com,wDo&N)46MkdV
3v1bpp9o660@example.com,ERa83j3W$2Z9
7k8x6o7f661@example.com,!B4Xuv(U9u)x
pu6hehkp662@example.com,CUyZ074qVCNw
6g3yfnau663@example.com,4WOgizOkF7C4
9uzq5gx5664@example.com,NY1A4j!nfG2b
a6knvuod665@example.com,gyc$pNYlz)UK
oqh0xd6u666@example.com,$Y%TsAfA#OoO
7kjpnh60667@example.com,MVymaox@6zY4
loxzey8t668@example.com,1pLubFP)Ra0z
5pgsr073669@example.com,pcu!FmK1monz
srt5olg7670@example.com,DtG!T6rLObR(
3igmu9d2671@example.com,ES&FmZpWG!ou
a5gn9y4y672@example.com,Y$vJOC5XujI8
z110subm673@example.com,jte9cDlw*!1D
3v6fnl5z674@example.com,4LfmwTR1tOwn
53hqpd6c675@example.com,GFvW9TPH@Gs0
mudlve8c676@example.com,bXQD$eV!O0ZT
ino7clbl677@example.com,cgyqYrfhNBb3
0mrpxmto678@example.com,iFCsgIutFnsn
rd5you2t679@example.com,5^J!zJB&ul@H
xhmyndix680@example.com,UhgdwN&M!vyr
705cmlbg681@example.com,kHqC!e*413O2
20uqmsul682@example.com,o@vsj(q4k)Zl
mbea7xpk683@example.com,Ir(XIvZS2qkc
beq0284h684@example.com,%R(T3V*qZ$qP
hbv1ycft685@example.com,11WpSlQGbJni
cj1h59e8686@example.com,gjyu(jrSH$86
uja3grab687@example.com,$YA!pmeOsChz
8rnoi7si688@example.com,zQ$Hu4$4(38%
gas4prgk689@example.com,)2sIh)*LnT40
cp2op96s690@example.com,c47rDwvNp7cn
kdhd929f691@example.com,dTKQ3XmEasxK
5n9vhe1o692@example.com,7ut9$b3JK5#j
2kh4wd7c693@example.com,$A6$MoGee97*
xxotxtey694@example.com,@W12UP5wV47F
wtjwlur1695@example.com,AiTZ1Vqzy9Cq
hjk6xu6t696@example.com,x6PG^(qV$wtA
vyym8wcb697@example.com,wfE$D4)bOg1j
j7jodcoo698@example.com,B@E3un5L$Adh
g7ajfm8z699@example.com,0kGGqh9jTKZl
1kh65yv0700@example.com,kLw5ICBCvRUK
wj1hewvl701@example.com,JBpnz5%7GZ2C
q77de3k2702@example.com,vEA@NmHufsNj
seas4qf8703@example.com,pYQBHyujyoLv
8ekiu28y704@example.com,LeCKeCz7$rJM
61hs991t705@example.com,Khewwavtg1Sg
acsf0gd9706@example.com,e!cdvZ0wV1E8
ndivus1m707@example.com,O9Zv!ErBc9jT
9o11jp2e708@example.com,$B7KnHqAmbpq
hljp6wt1709@example.com,0lMKn0@qd2Q1
mv9xymkg710@example.com,sCPRS$xV9N1a
k8ydkrs7711@example.com,91WXs2yZ(JYE
boj4flij712@example.com,xB9*SNWlEy)a
mhx6l237713@example.com,MrUEJFndRiUr
htcsorfk714@example.com,kwVXjKtk3P2$
c5jxrhax715@example.com,5abGGjgrkQ*P
a4b6dnom716@example.com,#LvJTuxukEGt
xanevzl6717@example.com,@GXwZdmIVlhN
htjomr24718@example.com,RtKelGVz@#Xd
2n5tce1b719@example.com,j1sgf3njoYwr
u3fptyep720@example.com,dgp0v6PGNoQU
3bmguvkf721@example.com,E$nE3cs&T2fD
1ahfl5ep722@example.com,k6arMc19Kdup
z5kdgmfk723@example.com,HI^8o2zjoDeb
pie6pd7k724@example.com,V0b7DOYXp5Ko
dk2pj1q0725@example.com,8mk*PONN0)01
zlfs7pnw726@example.com,^S&^gfRvXHUT
hbdgzqsk727@example.com,rjDdIUHBruEe
9ukifmkz728@example.com,UJTUTM6Nc*9Z
15fm7yvo729@example.com,sdUjTy9RI89S
wl3osj3t730@example.com,i9z9afhL8A$S
pes4tdaj731@example.com,ain56zyUXo22
yjcim0mp732@example.com,b&!*c*fZjaOI
5dt41awp733@example.com,WksFkHe@TwQF
u4s9jrgo734@example.com,22rcIC2ouDUH
dbl7ebss735@example.com,XjD9z&f%)mhE
dfgslabs736@example.com,aKAhU4&z%pw9
3di229hi737@example.com,D4fCS%PozNlZ
wshs9mpf738@example.com,3xz05&0r1NLf
bk8xk6of739@example.com,KU%yx*Lv3Qma
in3m10bi740@example.com,pa9(ZQ0FoaoI
cqavqbkg741@example.com,f^87BxYJ%eWZ
9eietue8742@example.com,NWSp2gFgzqCH
ceb45wvf743@example.com,3wgTsR*6t12t
2n1j7erv744@example.com,!fgcNl$t^cwL
39cvwg43745@example.com,zB#B)03pDSdf
s6clo8im746@example.com,r6v0yngFHMAa
h3t31i2x747@example.com,zEOL^sR2YD8n
b5r5ojhl748@example.com,7HyuQ6iG%Jf6
hr083712749@example.com,V&yJQS0NG$Lv
qf6sfv26750@example.com,K60y&Ai0RntJ
ddk3wnp9751@example.com,s6sNMbrOC8gl
uaia5i8g752@example.com,DfhNie))OChl
qrn6aaos753@example.com,4^f3r1NV02qb
k516fltx754@example.com,Wu4ivV5u)%FO
hejlb8w2755@example.com,pgC^Kn!H0209
gbk35tno756@example.com,4h@*a%MQG%%B
3a9mfk1l757@example.com,E(C0p*S%nM7Z
8oz1cox7758@example.com,J3e2h2Qk7kdT
6xwcguob759@example.com,DOuzW#rC5y!#
sc8n1ude760@example.com,Eo2CT^sz6x!q
l7o8pksd761@example.com,Kj0GOHaX)V(0
ieonilk4762@example.com,(7jEj8tC^5ty
e1z28012763@example.com,Jx!y6gFf^5*V
776b56cr764@example.com,wiK7)8#dk7Mp
9ooq19sv765@example.com,oph0aXpL3w#t
en7v7okg766@example.com,n8aW4TZKAaz#
2fvxb5av767@example.com,9LfwwOcA^6ds
loslyfwa768@example.com,xXJHMTK9xgKO
x995e7nn769@example.com,lP$F1V8bE5cz
pcqhiff3770@example.com,uDDJ#Cex1$RB
prb7dbeh771@example.com,PYVTLD&F^84L
75jw1e06772@example.com,24eoeZ&)bUZX
k0onmtkz773@example.com,V2&Ia48m@FgK
duix1kyc774@example.com,$gQvhgMI8fu7
xzxu8tsa775@example.com,kHTTKlxpep!M
l9ag51qb776@example.com,C47lMfVVhy7)
160t6p9s777@example.com,QQaa#Ny7DPxo
3fndc00r778@example.com,9ucxRO76Ib^z
vv1d0xb3779@example.com,5Ijcwsqovi8w
r0fld8jf780@example.com,bdq3$S6B7j*b
dylnbvt0781@example.com,wW3QtCY1Ztjr
f3nt9p3t782@example.com,oY!mKWM6!dSp
1d4bw82s783@example.com,KJKWvQ$F$S19
io5jzndj784@example.com,cl2#rKlLQIK3
1fx7osbr785@example.com,Z!nmlZp8MCV2
efun0xjq786@example.com,3$GfPKN)jk!F
faz5slf3787@example.com,FwcYsiNwtc#U
8r1rc1y9788@example.com,!qPZto2b8&6o
1eollgxo789@example.com,bKWFH6&BIfI!
v61i0lfp790@example.com,AZJidt@XJD(Z
9koyalxj791@example.com,(kEnwrpihVoe
wjyy0oso792@example.com,D&Cc2b&q%*SR
lqxp2xf8793@example.com,kn3$murZAg53
3cs6r3hf794@example.com,ncXbM0DM#gN(
xtypz19b795@example.com,wa*RSBCv)9DJ
q4idhbsi796@example.com,2DY&p9Od&M!N
eaoxgzsp797@example.com,)RG#4$KN!bpa
5e1y4npe798@example.com,pc8^m(7rWd)f
cdvssvaa799@example.com,kZjiM*!6f)S4
teurp5fk800@example.com,NyZS3Wu(AjYU
cu74goye801@example.com,0WlpALRZ^wt4
e8q3dddp802@example.com,L@WOsB!Jnqb4
f1d6wd4j803@example.com,CRY$!y3MF#wL
gbxn5cgd804@example.com,*97vacKis6eG
t1qey6vi805@example.com,L^ft^KsLVtSX
fqunynew806@example.com,#Yy8HAMpWo2s
gqk5582x807@example.com,ZL8e5UCR^IxW
c59pcr0m808@example.com,)LqRRs4C$yd#
a53zcy0v809@example.com,N&o(bLa@!G6*
6benusk3810@example.com,bPonlN$e#lwo
thb0a5t5811@example.com,Tb&vBNBjZiT6
9xn6gobs812@example.com,8TTYUrQv(zdZ
buzy4pk1813@example.com,olYaA7aov&D@
l4mnaz6v814@example.com,&jkqLrQJoctz
hfb80dxv815@example.com,u9fRw*t5CpNv
ddh1i63o816@example.com,yvGD!!fZ8%xE
ih1q1ffh817@example.com,&2U3YKiEnFr2
4q1i1mer818@example.com,z00PPx8vDoJx
92zlxd38819@example.com,#QlhO3r7cK4L
q2t1zxnv820@example.com,S6ng)xcLaA$$
ejvgpxpa821@example.com,hF#bjuZBEuo(
qeatep0q822@example.com,uyj^gz)izdsZ
8k5wu646823@example.com,5OoK2Fhle!4J
ng1vjvq8824@example.com,CGtSmzA9aFfi
0lanaqwe825@example.com,ZGZ7TYJ2nC9*
5hv26uc8826@example.com,YLcKRw0UT2h^
4n5rcpxe827@example.com,yv@GqfbGZgfc
dmar50yo828@example.com,#f#nnaPMqTFf
5bjn4kyr829@example.com,OjxLk)i%TrAS
bbgsrt9k830@example.com,DybIT%RUWaP&
cv98p65x831@example.com,nFjaFEUhfoTu
x30lv1i7832@example.com,9kyMXr9Xi@ZS
tjj134nj833@example.com,Tq%4ZDwtPz6S
lvcymfyk834@example.com,t&FDTFGvHgB%
301rcero835@example.com,m5Us7lZLPV62
mctwv1l7836@example.com,cZNHOMi02(vE
kpp0zr7i837@example.com,B*w08Wl^yi1%
6wyg122j838@example.com,OsjxilULbxni
bydo04en839@example.com,^(^M^iyH*6)^
w78ng6nf840@example.com,G^MI(d3G&Big
zyfdwhmx841@example.com,ucxSar(#7S%^
jk1sr1eg842@example.com,N9S^sCx!iamF
yhdidqkv843@example.com,e9QGVwZ6mk&3
h1q0vsr5844@example.com,NQg)0opBz09V
kijyd45k845@example.com,Wr3XhuccN0a9
v1qp5kxf846@example.com,8Rv3O!Pdz5dx
qadxjl25847@example.com,j%A!CHZLi@wC
qkizd2ji848@example.com,UiZL2E)qrd&F
7svvpvss849@example.com,mpLMXaSAV(Dy
7w947j9e850@example.com,*me*vwflLw(n
m6l3lyhh851@example.com,TXBm&5Y#@p6u
wt5h7xwi852@example.com,M(BkNI4@uSr3
2kcqkugc853@example.com,TElOYKxYPZMg
qc4m0qif854@example.com,1WIAIPGBv6(P
0ifncfg1855@example.com,nZZciXTTDHYb
uixg9zpd856@example.com,ynXR9(kdjtjY
mrxicokt857@example.com,#5o9nPvPYffU
duoa6wwv858@example.com,FLLw1b)&b5PT
fldqt2pl859@example.com,e1gtuuIgZxe^
pnyggo8o860@example.com,(iLahVZ$ETl2
icynbf28861@example.com,8HuY6i@vP&b)
ovep3oe4862@example.com,3nCtgTu9ieKr
p0mgpwiz863@example.com,v)QVCN8Np5%d
pe6w6kgu864@example.com,V4iI4)G2nlka
pp3u9a0i865@example.com,X2E(5$6MhILu
mihdcn7e866@example.com,SoAyGe5i@rR5
b5jeytb4867@example.com,RQnGXIr^5Tvi
z8wtn51r868@example.com,tN9ihE4xgu&%
jpst18dk869@example.com,pJZciS6!VgvP
9map5q2u870@example.com,garShnDLm&KK
cgluqer6871@example.com,&Os#Y3KsW@P5
7hct85jk872@example.com,zYyFo2mmyyLY
9sn5xtl3873@example.com,anE#7jVg5WLQ
byps51wv874@example.com,9u!9$jidg2wM
ctwtblx9875@example.com,FeMNBMVYHH6F
3bbixjma876@example.com,n1x4DrvUnpLR
k4fzncct877@example.com,OaJZm3$CO9yC
bgf3zt01878@example.com,FbwI2gaT8&Ax
3cwyemtp879@example.com,pQHE$P65XTK3
4tihsg2j880@example.com,!UUk*4fkYMIT
7hq7vd35881@example.com,9WEl6#g$6Owe
d503aj4v882@example.com,FX4(d!7ZbY#k
qlm2ldl8883@example.com,KzqkVMGAk&Mn
2nc3uhl1884@example.com,Ro6&djf1c7JU
sf1qzfo1885@example.com,9yfML&enwm*L
ezzqad3r886@example.com,apIGmNU#8M@p
9xr9586u887@example.com,9K9zuCr#$46Q
cbixkdlz888@example.com,PGRiULqB2IYl
9iqhutqo889@example.com,zBye4xhbdhcC
wcvplne8890@example.com,%!ejwnyL*XtU
x8jnveac891@example.com,6U#8Na*Ojgtq
0y2os5xm892@example.com,Ku6NGCO(3z*c
vfdy6vq6893@example.com,A*AYN1!GpV$X
63eyqiqt894@example.com,7^xue()DO5OJ
h2y67d52895@example.com,2m2VTHYx53V5
lyftgamo896@example.com,3ptI^hGd#Ybo
hh1eie1e897@example.com,w(C)o$(ZR)jH
4pb7pa0o898@example.com,Ctd@OkpUg7(O
yaqp37jg899@example.com,Iv0u&#r2os!a
ddie0fup900@example.com,L206l*Cuxhta
60xzviug901@example.com,K*wVs&&m20Mv
gzflmi66902@example.com,T!#Q5dqvwv)E
vh4jremd903@example.com,l)pJFuLFJRZs
4osrfvsd904@example.com,#8sMWGDNl6iD
ent52cpl905@example.com,YMBX90)4OvFE
a35rc2s9906@example.com,AtDoVHI88lSG
ibxpdgeq907@example.com,RS$@ayz$quCH
l8x2u3zt908@example.com,o2(W4)8Hv#P6
2kn3dh8b909@example.com,8SOrXhkIhvzs
zq7n042f910@example.com,TdcLBhu@Ebc(
n8lgqro7911@example.com,E6VFluoUcbpG
h8z7nw0m912@example.com,Ku4Y&BaJk7NU
32twwz3v913@example.com,@p#nT!U#HSGg
0bwoiup0914@example.com,DM!*hvRcTYUb
pv7kcgap915@example.com,5@sEOedbEWDI
t73fmpn2916@example.com,RpgEN2T#r8O!
1ruhg4ll917@example.com,5FIHcVsUw4(^
4wpdphub918@example.com,tVU8%%INcQgZ
yga3i8uu919@example.com,w6FcyoW4fxf5
a3ivjk9m920@example.com,HmQ8vBh35%e3
xeb8suix921@example.com,fgbSw5el1rPu
6yfjmjl3922@example.com,%Ttj&xv!VEB@
fztroksi923@example.com,p3K*iA8ecQBs
4vloha3o924@example.com,q*vkZEO5IVM1
kqnmdxw5925@example.com,ESX6xEeXZoo2
ua7hmne2926@example.com,f^^O8d2&uV0T
runldugr927@example.com,M^YrNb(SA4Gj
fjch2bxw928@example.com,F81KeYBJoqKU
rf5apyvk929@example.com,4uOi)W%LYRGa
sar4qm4j930@example.com,2u^w!&9tVPqc
j3q3vkzp931@example.com,@O1Gm@Z*YW$%
zkrzndmv932@example.com,K2^g@90WS5vK
smix7tjt933@example.com,mQ%$veJM4vhW
4f76wtda934@example.com,*ajrCqOjcvGk
n2i2v6fb935@example.com,h9sXhmaxQEdI
4n9jcaoz936@example.com,ZH3FABOBBGfR
fcen80ek937@example.com,#xiwHtMd@S0l
lvgfdsms938@example.com,Tqj#0^)oWoM5
gzdyz72v939@example.com,kDyxn1)uGK9I
sw5j38jh940@example.com,Eys#Cbe*qI$b
6skcfovd941@example.com,rZ0U1HHYr!wU
dilk63zj942@example.com,IS%NvxgbPAlX
h5q0qxrs943@example.com,y0bHSR5oBOjA
9agcm3o1944@example.com,9Bg%xi6o%tev
cj1962s3945@example.com,hVFP8UtkU(@J
lhliuc5r946@example.com,xm4xbd92)(Z9
rzhhdf3o947@example.com,EKIuS0793DZS
k24nsncq948@example.com,Xh6%Vlw^mQ2S
b0d6ij30949@example.com,zSXNNfGsbdCs
yxenbr9y950@example.com,1#7RPGAQQ3r9
hmhd1dvo951@example.com,!P#tDD(Ry8IC
k91p5z0s952@example.com,H1OXvy&4xbVF
m5f71lhz953@example.com,0n&5YhBAyT0c
3r5n74sd954@example.com,IiG5d0PPMVTR
uszh8vok955@example.com,fvS^4C1m9ZFi
d5wm3fxi956@example.com,Jzr*kRh3TGK$
nao8kwar957@example.com,Y#p*uOM9q47E
3xg0kt7l958@example.com,xCmsUE51@fmP
uset9zq5959@example.com,&1!K999HaR1I
ryxk3d0l960@example.com,d$ZPR78pbkgj
0ho8ep8m961@example.com,(^ZAc4G%@QFG
h03dl2hx962@example.com,j)gyhLwcru(d
s8c35kzt963@example.com,PqGSo$K79)oe
v1jctpa9964@example.com,if6bzUQ3mqeI
e4kcwbjj965@example.com,AHPGq!P4y#La
bqapz8pw966@example.com,*weIEybukFG^
53sbj7np967@example.com,49N)BqMNz3Kw
y01rtp85968@example.com,(Tz6GsLj$TPI
k3jvpdvf969@example.com,ZPDqd0FoUL5J
kxhot4w0970@example.com,$foGjSBgr3Hf
4rwjy0wg971@example.com,Gascf%3)eVqN
e73xa61h972@example.com,x&78hfGI(@zD
8wrdgwls973@example.com,Ebx#HJjSN5QV
mb1d4xl0974@example.com,ie1X5HBoqWMK
9a37ftjc975@example.com,@diGt$eF@AGR
oaibragy976@example.com,as@RhOrJrIg(
yz1if2ma977@example.com,tz0AyJe^M4U!
b5vzculv978@example.com,S%C#tbJq0v@o
k1zwc9go979@example.com,WhP%o@2%ctS!
b0h359lw980@example.com,C5PkBko0bLAw
jiioxu1b981@example.com,jUvL5ixf)#pC
z3hwr89v982@example.com,qDKhsvFYpSGX
78g97s77983@example.com,SAS9*dujMviW
rbccjinv984@example.com,YUwOvQXsn9OD
1yikz747985@example.com,NSGqTuy(vd9M
r78q0ex8986@example.com,FS09p$OPYZ8x
1sczl6ao987@example.com,mP@8*DedHWHX
rgmg47r4988@example.com,y9BY^srOYiV$
tnrhx50x989@example.com,1UJSr3NArJaq
61fd0w9c990@example.com,dChfaHvsTlLD
25s2ql2q991@example.com,F7uZ7&qO8@4T
jfls0e2z992@example.com,8IWrXqoeU(vh
jtpou31u993@example.com,XQTK^ITeKVxy
5p92ycrh994@example.com,AQHECdZdCQy^
ny26zelg995@example.com,907C#QgvsMuo
9orukl58996@example.com,tY((%9#(FBbZ
dmvgbssq997@example.com,yQQlzY2Z1pr^
1dy1r2lg998@example.com,g^QzlAcf%Y4a
4idgt74s999@example.com,qPKd1gqhw$T&
0yn6m4711000@example.com,@rt6JCmVxO0f